{
  "capitulo": 981,
  "paragrafo": 10,
  "voz": "Francisca",
  "volume_narracao": 47.04641350210971,
  "volume_musica": 5.627705627705628,
  "velocidade": 25.0
}