{
  "capitulo": 1073,
  "paragrafo": 32,
  "voz": "Francisca",
  "volume_narracao": 20.689655172413794,
  "volume_musica": 3.361344537815126,
  "velocidade": 75.46174142480211
}